scheme_name,category,alpha,beta
SBI Bluechip Fund - Regular Plan - Growth,Large Cap,0.87,0.89
SBI Bluechip Fund - Direct Plan - Growth,Large Cap,1.78,0.87
SBI Small Cap Fund - Regular Plan - Growth,Small Cap,1.23,0.89
SBI Small Cap Fund - Direct Plan - Growth,Small Cap,1.13,1.04
SBI Magnum Gilt Fund - Regular Plan - Growth,Gilt,1.6,0.22
HDFC Top 100 Fund - Regular Plan - Growth,Large Cap,0.78,0.97
HDFC Top 100 Fund - Direct Plan - Growth,Large Cap,1.13,0.97
HDFC Mid-Cap Opportunities Fund - Regular - Growth,Mid Cap,0.95,0.91
HDFC Mid-Cap Opportunities Fund - Direct - Growth,Mid Cap,0.9,1.04
HDFC Short Term Debt Fund - Regular - Growth,Short Duration,1.98,0.44
ICICI Pru Bluechip Fund - Regular - Growth,Large Cap,0.66,0.96
ICICI Pru Bluechip Fund - Direct - Growth,Large Cap,0.88,1.03
ICICI Pru Midcap Fund - Regular - Growth,Mid Cap,0.89,1.0
ICICI Pru Value Discovery Fund - Regular - Growth,Value,0.55,0.92
ICICI Pru Liquid Fund - Regular - Growth,Liquid,1.85,0.26
Nippon India Large Cap Fund - Regular - Growth,Large Cap,0.86,0.88
Nippon India Large Cap Fund - Direct - Growth,Large Cap,1.7,1.02
Nippon India Small Cap Fund - Regular - Growth,Small Cap,0.8,1.03
Nippon India ETF Nifty 50 BeES,Index/ETF,1.8,1.04
Nippon India Gilt Securities Fund - Regular - Growth,Gilt,0.89,0.37
Kotak Bluechip Fund - Regular - Growth,Large Cap,1.27,0.93
Kotak Emerging Equity Fund - Regular - Growth,Mid Cap,1.91,1.0
Kotak Flexicap Fund - Regular - Growth,Flexi Cap,1.85,0.95
Kotak Liquid Fund - Regular - Growth,Liquid,1.52,0.47
Axis Bluechip Fund - Regular - Growth,Large Cap,1.41,0.91
Axis Bluechip Fund - Direct - Growth,Large Cap,1.43,0.87
Axis Midcap Fund - Regular - Growth,Mid Cap,1.42,1.0
Axis Small Cap Fund - Regular - Growth,Small Cap,0.51,1.0
ABSL Frontline Equity Fund - Regular - Growth,Large Cap,1.34,1.03
ABSL Small Cap Fund - Regular - Growth,Small Cap,1.84,0.97
ABSL Liquid Fund - Regular - Growth,Liquid,1.18,0.43
UTI Nifty 50 Index Fund - Regular - Growth,Index,0.93,0.9
UTI Mid Cap Fund - Regular - Growth,Mid Cap,1.12,0.92
UTI Flexi Cap Fund - Regular - Growth,Flexi Cap,1.79,1.0
Mirae Asset Large Cap Fund - Regular - Growth,Large Cap,1.62,0.96
Mirae Asset Emerging Bluechip Fund - Regular - Growth,Large & Mid Cap,1.7,0.99
Mirae Asset Tax Saver Fund - Regular - Growth,ELSS,0.54,0.98
DSP Top 100 Equity Fund - Regular - Growth,Large Cap,1.82,0.91
DSP Midcap Fund - Regular - Growth,Mid Cap,1.02,0.98
DSP Small Cap Fund - Regular - Growth,Small Cap,0.69,0.98
